captured,field_path,fingerprint_participation,outcome_link_participation,plan_identity_participation,required,serialization,stage_trace_participation
true,candidate_arm_ids,false,false,false,true,CANONICAL_JSON,false
true,candidate_arm_ids[],false,false,false,true,CANONICAL_JSON,false
true,capture_id,false,false,false,true,CANONICAL_JSON,false
true,complete_stack,false,false,false,true,CANONICAL_JSON,true
true,complete_stack.allocation_plan,false,false,false,true,CANONICAL_JSON,true
true,complete_stack.allocation_plan.generated_on,false,false,false,true,CANONICAL_JSON,true
true,complete_stack.allocation_plan.reasons,false,false,false,true,CANONICAL_JSON,true
true,complete_stack.allocation_plan.reasons[],false,false,false,true,CANONICAL_JSON,true
true,complete_stack.allocation_plan.remaining_cash,false,false,false,true,CANONICAL_JSON,true
true,complete_stack.allocation_plan.reports,false,false,false,true,CANONICAL_JSON,true
true,complete_stack.allocation_plan.reports[],false,false,false,true,CANONICAL_JSON,true
true,complete_stack.allocation_plan.reports[].correlation,false,false,false,true,CANONICAL_JSON,true
true,complete_stack.allocation_plan.reports[].correlation.adjusted_weight,false,false,false,true,CANONICAL_JSON,true
true,complete_stack.allocation_plan.reports[].correlation.original_weight,false,false,false,true,CANONICAL_JSON,true
true,complete_stack.allocation_plan.reports[].correlation.penalty,false,false,false,true,CANONICAL_JSON,true
true,complete_stack.allocation_plan.reports[].correlation.reasons,false,false,false,true,CANONICAL_JSON,true
true,complete_stack.allocation_plan.reports[].correlation.reasons[],false,false,false,true,CANONICAL_JSON,true
true,complete_stack.allocation_plan.reports[].correlation.symbol,false,false,false,true,CANONICAL_JSON,true
true,complete_stack.allocation_plan.reports[].decision,false,false,false,true,CANONICAL_JSON,true
true,complete_stack.allocation_plan.reports[].observed_on,false,false,false,true,CANONICAL_JSON,true
true,complete_stack.allocation_plan.reports[].reasons,false,false,false,true,CANONICAL_JSON,true
true,complete_stack.allocation_plan.reports[].reasons[],false,false,false,true,CANONICAL_JSON,true
true,complete_stack.allocation_plan.reports[].risk_budget,false,false,false,true,CANONICAL_JSON,true
true,complete_stack.allocation_plan.reports[].risk_budget.approved_weight,false,false,false,true,CANONICAL_JSON,true
true,complete_stack.allocation_plan.reports[].risk_budget.blocked_weight,false,false,false,true,CANONICAL_JSON,true
true,complete_stack.allocation_plan.reports[].risk_budget.constraints,false,false,false,true,CANONICAL_JSON,true
true,complete_stack.allocation_plan.reports[].risk_budget.constraints[],false,false,false,true,CANONICAL_JSON,true
true,complete_stack.allocation_plan.reports[].risk_budget.reasons,false,false,false,true,CANONICAL_JSON,true
true,complete_stack.allocation_plan.reports[].risk_budget.reasons[],false,false,false,true,CANONICAL_JSON,true
true,complete_stack.allocation_plan.reports[].risk_budget.symbol,false,false,false,true,CANONICAL_JSON,true
true,complete_stack.allocation_plan.reports[].sector,false,false,false,true,CANONICAL_JSON,true
true,complete_stack.allocation_plan.reports[].sizing,false,false,false,true,CANONICAL_JSON,true
true,complete_stack.allocation_plan.reports[].sizing.base_weight,false,false,false,true,CANONICAL_JSON,true
true,complete_stack.allocation_plan.reports[].sizing.conviction_weight,false,false,false,true,CANONICAL_JSON,true
true,complete_stack.allocation_plan.reports[].sizing.liquidity_weight,false,false,false,true,CANONICAL_JSON,true
true,complete_stack.allocation_plan.reports[].sizing.probability_weight,false,false,false,true,CANONICAL_JSON,true
true,complete_stack.allocation_plan.reports[].sizing.reasons,false,false,false,true,CANONICAL_JSON,true
true,complete_stack.allocation_plan.reports[].sizing.reasons[],false,false,false,true,CANONICAL_JSON,true
true,complete_stack.allocation_plan.reports[].sizing.reward_risk_weight,false,false,false,true,CANONICAL_JSON,true
true,complete_stack.allocation_plan.reports[].sizing.suggested_weight,false,false,false,true,CANONICAL_JSON,true
true,complete_stack.allocation_plan.reports[].sizing.symbol,false,false,false,true,CANONICAL_JSON,true
true,complete_stack.allocation_plan.reports[].symbol,false,false,false,true,CANONICAL_JSON,true
true,complete_stack.allocation_plan.reports[].target_amount,false,false,false,true,CANONICAL_JSON,true
true,complete_stack.allocation_plan.reports[].target_weight,false,false,false,true,CANONICAL_JSON,true
true,complete_stack.allocation_plan.total_allocated_amount,false,false,false,true,CANONICAL_JSON,true
true,complete_stack.allocation_plan.total_allocated_weight,false,false,false,true,CANONICAL_JSON,true
true,complete_stack.institutional_evaluation,false,false,false,true,CANONICAL_JSON,true
true,complete_stack_baseline_id,false,false,false,true,CANONICAL_JSON,true
true,contract_version,false,false,false,true,CANONICAL_JSON,false
true,economic_candidate_ids,false,false,false,true,CANONICAL_JSON,false
true,economic_candidate_ids[],false,false,false,true,CANONICAL_JSON,false
true,fingerprint_contract_hash,false,false,false,true,CANONICAL_JSON,false
true,input_snapshot,false,false,false,true,CANONICAL_JSON,false
true,input_snapshot.allocation_portfolio_context,false,false,false,true,CANONICAL_JSON,false
true,input_snapshot.allocation_portfolio_context.available_cash,false,false,false,true,CANONICAL_JSON,false
true,input_snapshot.allocation_portfolio_context.current_positions,false,false,false,true,CANONICAL_JSON,false
true,input_snapshot.allocation_portfolio_context.current_positions.LT,false,false,false,true,CANONICAL_JSON,false
true,input_snapshot.allocation_portfolio_context.risk_budget,false,false,false,true,CANONICAL_JSON,false
true,input_snapshot.allocation_portfolio_context.risk_budget.max_correlation,false,false,false,true,CANONICAL_JSON,false
true,input_snapshot.allocation_portfolio_context.risk_budget.max_portfolio_risk_weight,false,false,false,true,CANONICAL_JSON,false
true,input_snapshot.allocation_portfolio_context.risk_budget.max_position_weight,false,false,false,true,CANONICAL_JSON,false
true,input_snapshot.allocation_portfolio_context.risk_budget.max_sector_weight,false,false,false,true,CANONICAL_JSON,false
true,input_snapshot.allocation_portfolio_context.risk_budget.min_recommendation_score,false,false,false,true,CANONICAL_JSON,false
true,input_snapshot.allocation_portfolio_context.sector_exposures,false,false,false,true,CANONICAL_JSON,false
true,input_snapshot.allocation_portfolio_context.sector_exposures[],false,false,false,true,CANONICAL_JSON,false
true,input_snapshot.allocation_portfolio_context.sector_exposures[].current_weight,false,false,false,true,CANONICAL_JSON,false
true,input_snapshot.allocation_portfolio_context.sector_exposures[].sector,false,false,false,true,CANONICAL_JSON,false
true,input_snapshot.allocation_portfolio_context.total_capital,false,false,false,true,CANONICAL_JSON,false
true,input_snapshot.breadth,false,false,false,true,CANONICAL_JSON,false
true,input_snapshot.breadth.advances,false,false,false,true,CANONICAL_JSON,false
true,input_snapshot.breadth.declines,false,false,false,true,CANONICAL_JSON,false
true,input_snapshot.breadth.observed_on,false,false,false,true,CANONICAL_JSON,false
true,input_snapshot.breadth.unchanged,false,false,false,true,CANONICAL_JSON,false
true,input_snapshot.correlation,false,false,false,true,CANONICAL_JSON,false
true,input_snapshot.correlation.correlation_to_index,false,false,false,true,CANONICAL_JSON,false
true,input_snapshot.correlation.correlation_to_sector,false,false,false,true,CANONICAL_JSON,false
true,input_snapshot.correlation.symbol,false,false,false,true,CANONICAL_JSON,false
true,input_snapshot.correlation_by_symbol,false,false,false,true,CANONICAL_JSON,false
true,input_snapshot.correlation_by_symbol.BEL,false,false,false,true,CANONICAL_JSON,false
true,input_snapshot.correlation_by_symbol.HAL,false,false,false,true,CANONICAL_JSON,false
true,input_snapshot.correlation_by_symbol.LT,false,false,false,true,CANONICAL_JSON,false
true,input_snapshot.liquidity_by_symbol,false,false,false,true,CANONICAL_JSON,false
true,input_snapshot.liquidity_by_symbol.BEL,false,false,false,true,CANONICAL_JSON,false
true,input_snapshot.liquidity_by_symbol.HAL,false,false,false,true,CANONICAL_JSON,false
true,input_snapshot.liquidity_by_symbol.LT,false,false,false,true,CANONICAL_JSON,false
true,input_snapshot.recommendation_candidates,false,false,false,true,CANONICAL_JSON,false
true,input_snapshot.recommendation_candidates[],false,false,false,true,CANONICAL_JSON,false
true,input_snapshot.recommendation_candidates[].accumulation_score,false,false,false,true,CANONICAL_JSON,false
true,input_snapshot.recommendation_candidates[].action,false,false,false,true,CANONICAL_JSON,false
true,input_snapshot.recommendation_candidates[].atr,false,false,false,true,CANONICAL_JSON,false
true,input_snapshot.recommendation_candidates[].benchmark_relative_strength,false,false,false,true,CANONICAL_JSON,false
true,input_snapshot.recommendation_candidates[].breakdown_attempt,false,false,false,true,CANONICAL_JSON,false
true,input_snapshot.recommendation_candidates[].breakout_attempt,false,false,false,true,CANONICAL_JSON,false
true,input_snapshot.recommendation_candidates[].breakout_setup_score,false,false,false,true,CANONICAL_JSON,false
true,input_snapshot.recommendation_candidates[].breakout_volume_confirmation,false,false,false,true,CANONICAL_JSON,false
true,input_snapshot.recommendation_candidates[].close_location_score,false,false,false,true,CANONICAL_JSON,false
true,input_snapshot.recommendation_candidates[].current_price,false,false,false,true,CANONICAL_JSON,false
true,input_snapshot.recommendation_candidates[].distribution_score,false,false,false,true,CANONICAL_JSON,false
true,input_snapshot.recommendation_candidates[].dma_20,false,false,false,true,CANONICAL_JSON,false
true,input_snapshot.recommendation_candidates[].dma_200,false,false,false,true,CANONICAL_JSON,false
true,input_snapshot.recommendation_candidates[].dma_50,false,false,false,true,CANONICAL_JSON,false
true,input_snapshot.recommendation_candidates[].ema_20,false,false,false,true,CANONICAL_JSON,false
true,input_snapshot.recommendation_candidates[].ema_200,false,false,false,true,CANONICAL_JSON,false
true,input_snapshot.recommendation_candidates[].ema_50,false,false,false,true,CANONICAL_JSON,false
true,input_snapshot.recommendation_candidates[].evidence,false,false,false,true,CANONICAL_JSON,false
true,input_snapshot.recommendation_candidates[].evidence[],false,false,false,true,CANONICAL_JSON,false
true,input_snapshot.recommendation_candidates[].evidence[].label,false,false,false,true,CANONICAL_JSON,false
true,input_snapshot.recommendation_candidates[].evidence[].max_points,false,false,false,true,CANONICAL_JSON,false
true,input_snapshot.recommendation_candidates[].evidence[].rationale,false,false,false,true,CANONICAL_JSON,false
true,input_snapshot.recommendation_candidates[].evidence[].score_points,false,false,false,true,CANONICAL_JSON,false
true,input_snapshot.recommendation_candidates[].expected_drawdown,false,false,false,true,CANONICAL_JSON,false
true,input_snapshot.recommendation_candidates[].expected_holding_period_days,false,false,false,true,CANONICAL_JSON,false
true,input_snapshot.recommendation_candidates[].expected_return,false,false,false,true,CANONICAL_JSON,false
true,input_snapshot.recommendation_candidates[].fibonacci_382,false,false,false,true,CANONICAL_JSON,false
true,input_snapshot.recommendation_candidates[].fibonacci_500,false,false,false,true,CANONICAL_JSON,false
true,input_snapshot.recommendation_candidates[].fibonacci_618,false,false,false,true,CANONICAL_JSON,false
true,input_snapshot.recommendation_candidates[].fibonacci_786,false,false,false,true,CANONICAL_JSON,false
true,input_snapshot.recommendation_candidates[].high_price,false,false,false,true,CANONICAL_JSON,false
true,input_snapshot.recommendation_candidates[].higher_highs_higher_lows,false,false,false,true,CANONICAL_JSON,false
true,input_snapshot.recommendation_candidates[].historical_average_gain,false,false,false,true,CANONICAL_JSON,false
true,input_snapshot.recommendation_candidates[].historical_average_hold_days,false,false,false,true,CANONICAL_JSON,false
true,input_snapshot.recommendation_candidates[].historical_average_loss,false,false,false,true,CANONICAL_JSON,false
true,input_snapshot.recommendation_candidates[].historical_expected_value,false,false,false,true,CANONICAL_JSON,false
true,input_snapshot.recommendation_candidates[].historical_win_rate,false,false,false,true,CANONICAL_JSON,false
true,input_snapshot.recommendation_candidates[].liquidity_score,false,false,false,true,CANONICAL_JSON,false
true,input_snapshot.recommendation_candidates[].low_price,false,false,false,true,CANONICAL_JSON,false
true,input_snapshot.recommendation_candidates[].lower_highs_lower_lows,false,false,false,true,CANONICAL_JSON,false
true,input_snapshot.recommendation_candidates[].market_intelligence_score,false,false,false,true,CANONICAL_JSON,false
true,input_snapshot.recommendation_candidates[].market_regime,false,false,false,true,CANONICAL_JSON,false
true,input_snapshot.recommendation_candidates[].market_regime_score,false,false,false,true,CANONICAL_JSON,false
true,input_snapshot.recommendation_candidates[].metadata,false,false,false,true,CANONICAL_JSON,false
true,input_snapshot.recommendation_candidates[].metadata.source,false,false,false,true,CANONICAL_JSON,false
true,input_snapshot.recommendation_candidates[].momentum_confirmation_score,false,false,false,true,CANONICAL_JSON,false
true,input_snapshot.recommendation_candidates[].observed_on,false,false,false,true,CANONICAL_JSON,false
true,input_snapshot.recommendation_candidates[].open_price,false,false,false,true,CANONICAL_JSON,false
true,input_snapshot.recommendation_candidates[].previous_close,false,false,false,true,CANONICAL_JSON,false
true,input_snapshot.recommendation_candidates[].previous_high_price,false,false,false,true,CANONICAL_JSON,false
true,input_snapshot.recommendation_candidates[].previous_low_price,false,false,false,true,CANONICAL_JSON,false
true,input_snapshot.recommendation_candidates[].previous_open_price,false,false,false,true,CANONICAL_JSON,false
true,input_snapshot.recommendation_candidates[].price_breakdown_score,false,false,false,true,CANONICAL_JSON,false
true,input_snapshot.recommendation_candidates[].price_breakout_score,false,false,false,true,CANONICAL_JSON,false
true,input_snapshot.recommendation_candidates[].price_history,false,false,false,true,CANONICAL_JSON,false
true,input_snapshot.recommendation_candidates[].price_momentum_score,false,false,false,true,CANONICAL_JSON,false
true,input_snapshot.recommendation_candidates[].price_structure_score,false,false,false,true,CANONICAL_JSON,false
true,input_snapshot.recommendation_candidates[].price_trend_score,false,false,false,true,CANONICAL_JSON,false
true,input_snapshot.recommendation_candidates[].prior_day_high,false,false,false,true,CANONICAL_JSON,false
true,input_snapshot.recommendation_candidates[].probability_score,false,false,false,true,CANONICAL_JSON,false
true,input_snapshot.recommendation_candidates[].recent_high,false,false,false,true,CANONICAL_JSON,false
true,input_snapshot.recommendation_candidates[].relative_strength_score,false,false,false,true,CANONICAL_JSON,false
true,input_snapshot.recommendation_candidates[].resistance_level,false,false,false,true,CANONICAL_JSON,false
true,input_snapshot.recommendation_candidates[].retracement_low,false,false,false,true,CANONICAL_JSON,false
true,input_snapshot.recommendation_candidates[].retracement_score,false,false,false,true,CANONICAL_JSON,false
true,input_snapshot.recommendation_candidates[].reversal_candle_high,false,false,false,true,CANONICAL_JSON,false
true,input_snapshot.recommendation_candidates[].risk_score,false,false,false,true,CANONICAL_JSON,false
true,input_snapshot.recommendation_candidates[].risks,false,false,false,true,CANONICAL_JSON,false
true,input_snapshot.recommendation_candidates[].risks[],false,false,false,true,CANONICAL_JSON,false
true,input_snapshot.recommendation_candidates[].risks[].label,false,false,false,true,CANONICAL_JSON,false
true,input_snapshot.recommendation_candidates[].risks[].penalty_points,false,false,false,true,CANONICAL_JSON,false
true,input_snapshot.recommendation_candidates[].risks[].rationale,false,false,false,true,CANONICAL_JSON,false
true,input_snapshot.recommendation_candidates[].sector_strength_score,false,false,false,true,CANONICAL_JSON,false
true,input_snapshot.recommendation_candidates[].selloff_volume_penalty,false,false,false,true,CANONICAL_JSON,false
true,input_snapshot.recommendation_candidates[].setup_type,false,false,false,true,CANONICAL_JSON,false
true,input_snapshot.recommendation_candidates[].strategy_score,false,false,false,true,CANONICAL_JSON,false
true,input_snapshot.recommendation_candidates[].support_level,false,false,false,true,CANONICAL_JSON,false
true,input_snapshot.recommendation_candidates[].swing_high,false,false,false,true,CANONICAL_JSON,false
true,input_snapshot.recommendation_candidates[].swing_low,false,false,false,true,CANONICAL_JSON,false
true,input_snapshot.recommendation_candidates[].symbol,false,false,false,true,CANONICAL_JSON,false
true,input_snapshot.recommendation_candidates[].trend_structure_score,false,false,false,true,CANONICAL_JSON,false
true,input_snapshot.recommendation_candidates[].two_day_prior_close,false,false,false,true,CANONICAL_JSON,false
true,input_snapshot.recommendation_candidates[].two_day_prior_high_price,false,false,false,true,CANONICAL_JSON,false
true,input_snapshot.recommendation_candidates[].two_day_prior_low_price,false,false,false,true,CANONICAL_JSON,false
true,input_snapshot.recommendation_candidates[].two_day_prior_open_price,false,false,false,true,CANONICAL_JSON,false
true,input_snapshot.recommendation_candidates[].volatility_expansion_score,false,false,false,true,CANONICAL_JSON,false
true,input_snapshot.recommendation_candidates[].volume_confirmation_score,false,false,false,true,CANONICAL_JSON,false
true,input_snapshot.recommendation_candidates[].volume_dry_up_score,false,false,false,true,CANONICAL_JSON,false
true,input_snapshot.recommendation_candidates[].volume_expansion_score,false,false,false,true,CANONICAL_JSON,false
true,input_snapshot.recommendation_portfolio_context,false,false,false,true,CANONICAL_JSON,false
true,input_snapshot.recommendation_portfolio_context.existing_symbols,false,false,false,true,CANONICAL_JSON,false
true,input_snapshot.recommendation_portfolio_context.existing_symbols[],false,false,false,true,CANONICAL_JSON,false
true,input_snapshot.recommendation_portfolio_context.max_sector_exposure_percent,false,false,false,true,CANONICAL_JSON,false
true,input_snapshot.recommendation_portfolio_context.max_single_position_percent,false,false,false,true,CANONICAL_JSON,false
true,input_snapshot.recommendation_portfolio_context.sector_exposure,false,false,false,true,CANONICAL_JSON,false
true,input_snapshot.recommendation_portfolio_context.sector_exposure.CAPITAL GOODS,false,false,false,true,CANONICAL_JSON,false
true,input_snapshot.recommendation_portfolio_context.sector_exposure.DEFENCE,false,false,false,true,CANONICAL_JSON,false
true,input_snapshot.recommendation_portfolio_context.symbol_sector,false,false,false,true,CANONICAL_JSON,false
true,input_snapshot.recommendation_portfolio_context.symbol_sector.BEL,false,false,false,true,CANONICAL_JSON,false
true,input_snapshot.recommendation_portfolio_context.symbol_sector.HAL,false,false,false,true,CANONICAL_JSON,false
true,input_snapshot.recommendation_portfolio_context.symbol_sector.LT,false,false,false,true,CANONICAL_JSON,false
true,input_snapshot.sector_by_symbol,false,false,false,true,CANONICAL_JSON,false
true,input_snapshot.sector_by_symbol.BEL,false,false,false,true,CANONICAL_JSON,false
true,input_snapshot.sector_by_symbol.HAL,false,false,false,true,CANONICAL_JSON,false
true,input_snapshot.sector_by_symbol.LT,false,false,false,true,CANONICAL_JSON,false
true,input_snapshot.sectors,false,false,false,true,CANONICAL_JSON,false
true,input_snapshot.sectors[],false,false,false,true,CANONICAL_JSON,false
true,input_snapshot.sectors[].breadth_percent,false,false,false,true,CANONICAL_JSON,false
true,input_snapshot.sectors[].return_percent,false,false,false,true,CANONICAL_JSON,false
true,input_snapshot.sectors[].sector,false,false,false,true,CANONICAL_JSON,false
true,input_snapshot.sectors[].turnover_change_percent,false,false,false,true,CANONICAL_JSON,false
true,input_snapshot.stock,false,false,false,true,CANONICAL_JSON,false
true,input_snapshot.stock.average_turnover_value,false,false,false,true,CANONICAL_JSON,false
true,input_snapshot.stock.delivery_change_percent,false,false,false,true,CANONICAL_JSON,false
true,input_snapshot.stock.delivery_percent,false,false,false,true,CANONICAL_JSON,false
true,input_snapshot.stock.observed_on,false,false,false,true,CANONICAL_JSON,false
true,input_snapshot.stock.price_change_percent,false,false,false,true,CANONICAL_JSON,false
true,input_snapshot.stock.spread_percent,false,false,false,true,CANONICAL_JSON,false
true,input_snapshot.stock.symbol,false,false,false,true,CANONICAL_JSON,false
true,input_snapshot.stock.turnover_value,false,false,false,true,CANONICAL_JSON,false
true,input_snapshot.stock.volatility_percent,false,false,false,true,CANONICAL_JSON,false
true,input_snapshot.stock.volume_change_percent,false,false,false,true,CANONICAL_JSON,false
true,observed_on,false,false,false,true,CANONICAL_JSON,false
true,outcome_link_ids,false,true,false,true,CANONICAL_JSON,false
true,outcome_link_ids[],false,true,false,true,CANONICAL_JSON,false
true,outcome_links,false,true,false,true,CANONICAL_JSON,false
true,package_sha256,false,false,false,true,CANONICAL_JSON,false
true,policy_hash,false,false,false,true,CANONICAL_JSON,false
true,price_arms,false,false,false,true,CANONICAL_JSON,false
true,price_arms[],false,false,false,true,CANONICAL_JSON,false
true,recommendation_fingerprints,true,false,false,true,CANONICAL_JSON,false
true,recommendation_fingerprints[],true,false,false,true,CANONICAL_JSON,false
true,recommendation_object_ids,false,false,false,true,CANONICAL_JSON,false
true,recommendation_object_ids[],false,false,false,true,CANONICAL_JSON,false
true,recommendations,true,false,false,true,CANONICAL_JSON,false
true,recommendations[],true,false,false,true,CANONICAL_JSON,false
true,recommendations[].action,true,false,false,true,CANONICAL_JSON,false
true,recommendations[].allocation,true,false,false,true,CANONICAL_JSON,false
true,recommendations[].allocation.adjusted_allocation_percent,true,false,false,true,CANONICAL_JSON,false
true,recommendations[].allocation.adjustment_points,true,false,false,true,CANONICAL_JSON,false
true,recommendations[].allocation.base_allocation_percent,true,false,false,true,CANONICAL_JSON,false
true,recommendations[].allocation.reasons,true,false,false,true,CANONICAL_JSON,false
true,recommendations[].allocation.reasons[],true,false,false,true,CANONICAL_JSON,false
true,recommendations[].decision,true,false,false,true,CANONICAL_JSON,false
true,recommendations[].evidence_assessment,true,false,false,true,CANONICAL_JSON,false
true,recommendations[].evidence_assessment.candle_pattern,true,false,false,true,CANONICAL_JSON,false
true,recommendations[].evidence_assessment.candle_pattern.confirmation,true,false,false,true,CANONICAL_JSON,false
true,recommendations[].evidence_assessment.candle_pattern.entry_trigger,true,false,false,true,CANONICAL_JSON,false
true,recommendations[].evidence_assessment.candle_pattern.explanation,true,false,false,true,CANONICAL_JSON,false
true,recommendations[].evidence_assessment.candle_pattern.invalidation_level,true,false,false,true,CANONICAL_JSON,false
true,recommendations[].evidence_assessment.candle_pattern.pattern,true,false,false,true,CANONICAL_JSON,false
true,recommendations[].evidence_assessment.candle_pattern.score,true,false,false,true,CANONICAL_JSON,false
true,recommendations[].evidence_assessment.candle_pattern.stop_level,true,false,false,true,CANONICAL_JSON,false
true,recommendations[].evidence_assessment.candle_pattern.volume_confirmed,true,false,false,true,CANONICAL_JSON,false
true,recommendations[].evidence_assessment.candle_pattern.weight,true,false,false,true,CANONICAL_JSON,false
true,recommendations[].evidence_assessment.confidence_score,true,false,false,true,CANONICAL_JSON,false
true,recommendations[].evidence_assessment.conflict_penalty_points,true,false,false,true,CANONICAL_JSON,false
true,recommendations[].evidence_assessment.historical_expectancy,true,false,false,true,CANONICAL_JSON,false
true,recommendations[].evidence_assessment.historical_expectancy.average_gain,true,false,false,true,CANONICAL_JSON,false
true,recommendations[].evidence_assessment.historical_expectancy.average_hold_period_days,true,false,false,true,CANONICAL_JSON,false
true,recommendations[].evidence_assessment.historical_expectancy.average_loss,true,false,false,true,CANONICAL_JSON,false
true,recommendations[].evidence_assessment.historical_expectancy.expected_value,true,false,false,true,CANONICAL_JSON,false
true,recommendations[].evidence_assessment.historical_expectancy.win_rate,true,false,false,true,CANONICAL_JSON,false
true,recommendations[].evidence_assessment.price_volume,true,false,false,true,CANONICAL_JSON,false
true,recommendations[].evidence_assessment.price_volume.override_reasons,true,false,false,true,CANONICAL_JSON,false
true,recommendations[].evidence_assessment.price_volume.price_evidence,true,false,false,true,CANONICAL_JSON,false
true,recommendations[].evidence_assessment.price_volume.price_evidence.breakout_state,true,false,false,true,CANONICAL_JSON,false
true,recommendations[].evidence_assessment.price_volume.price_evidence.close_strength,true,false,false,true,CANONICAL_JSON,false
true,recommendations[].evidence_assessment.price_volume.price_evidence.price_score,true,false,false,true,CANONICAL_JSON,false
true,recommendations[].evidence_assessment.price_volume.price_evidence.retracement_state,true,false,false,true,CANONICAL_JSON,false
true,recommendations[].evidence_assessment.price_volume.price_evidence.structure_state,true,false,false,true,CANONICAL_JSON,false
true,recommendations[].evidence_assessment.price_volume.price_evidence.support_resistance_state,true,false,false,true,CANONICAL_JSON,false
true,recommendations[].evidence_assessment.price_volume.price_evidence.trend_state,true,false,false,true,CANONICAL_JSON,false
true,recommendations[].evidence_assessment.price_volume.price_evidence.volatility_state,true,false,false,true,CANONICAL_JSON,false
true,recommendations[].evidence_assessment.price_volume.supports_buy,true,false,false,true,CANONICAL_JSON,false
true,recommendations[].evidence_assessment.price_volume.supports_sell,true,false,false,true,CANONICAL_JSON,false
true,recommendations[].evidence_assessment.price_volume.volume_evidence,true,false,false,true,CANONICAL_JSON,false
true,recommendations[].evidence_assessment.price_volume.volume_evidence.accumulation_score,true,false,false,true,CANONICAL_JSON,false
true,recommendations[].evidence_assessment.price_volume.volume_evidence.breakout_volume_confirmation,true,false,false,true,CANONICAL_JSON,false
true,recommendations[].evidence_assessment.price_volume.volume_evidence.distribution_score,true,false,false,true,CANONICAL_JSON,false
true,recommendations[].evidence_assessment.price_volume.volume_evidence.selloff_volume_penalty,true,false,false,true,CANONICAL_JSON,false
true,recommendations[].evidence_assessment.price_volume.volume_evidence.volume_dry_up_score,true,false,false,true,CANONICAL_JSON,false
true,recommendations[].evidence_assessment.price_volume.volume_evidence.volume_expansion_score,true,false,false,true,CANONICAL_JSON,false
true,recommendations[].evidence_assessment.price_volume.volume_evidence.volume_score,true,false,false,true,CANONICAL_JSON,false
true,recommendations[].evidence_assessment.price_volume.volume_evidence.volume_vs_average,true,false,false,true,CANONICAL_JSON,false
true,recommendations[].evidence_assessment.regime_adjustment_points,true,false,false,true,CANONICAL_JSON,false
true,recommendations[].evidence_assessment.regime_reason,true,false,false,true,CANONICAL_JSON,false
true,recommendations[].evidence_assessment.score,true,false,false,true,CANONICAL_JSON,false
true,recommendations[].evidence_assessment.setup_quality,true,false,false,true,CANONICAL_JSON,false
true,recommendations[].evidence_assessment.setup_quality.classification,true,false,false,true,CANONICAL_JSON,false
true,recommendations[].evidence_assessment.setup_quality.rationale,true,false,false,true,CANONICAL_JSON,false
true,recommendations[].evidence_assessment.setup_quality.score,true,false,false,true,CANONICAL_JSON,false
true,recommendations[].evidence_assessment.setup_quality.setup_type,true,false,false,true,CANONICAL_JSON,false
true,recommendations[].evidence_assessment.signals,true,false,false,true,CANONICAL_JSON,false
true,recommendations[].evidence_assessment.signals[],true,false,false,true,CANONICAL_JSON,false
true,recommendations[].evidence_assessment.signals[].direction,true,false,false,true,CANONICAL_JSON,false
true,recommendations[].evidence_assessment.signals[].label,true,false,false,true,CANONICAL_JSON,false
true,recommendations[].evidence_assessment.signals[].points,true,false,false,true,CANONICAL_JSON,false
true,recommendations[].evidence_assessment.signals[].rationale,true,false,false,true,CANONICAL_JSON,false
true,recommendations[].evidence_assessment.signals[].score,true,false,false,true,CANONICAL_JSON,false
true,recommendations[].evidence_assessment.signals[].weight,true,false,false,true,CANONICAL_JSON,false
true,recommendations[].expected_value,true,false,false,true,CANONICAL_JSON,false
true,recommendations[].expected_value.expected_drawdown,true,false,false,true,CANONICAL_JSON,false
true,recommendations[].expected_value.expected_holding_period_days,true,false,false,true,CANONICAL_JSON,false
true,recommendations[].expected_value.expected_return,true,false,false,true,CANONICAL_JSON,false
true,recommendations[].expected_value.reasons,true,false,false,true,CANONICAL_JSON,false
true,recommendations[].expected_value.reasons[],true,false,false,true,CANONICAL_JSON,false
true,recommendations[].expected_value.reward_to_risk,true,false,false,true,CANONICAL_JSON,false
true,recommendations[].expected_value.score,true,false,false,true,CANONICAL_JSON,false
true,recommendations[].expected_value.symbol,true,false,false,true,CANONICAL_JSON,false
true,recommendations[].explanation,true,false,false,true,CANONICAL_JSON,false
true,recommendations[].explanation[],true,false,false,true,CANONICAL_JSON,false
true,recommendations[].metadata,true,false,false,true,CANONICAL_JSON,false
true,recommendations[].metadata.historical_setup_edge,true,false,false,true,CANONICAL_JSON,false
true,recommendations[].metadata.source,true,false,false,true,CANONICAL_JSON,false
true,recommendations[].observed_on,true,false,false,true,CANONICAL_JSON,false
true,recommendations[].opportunity_cost,true,false,false,true,CANONICAL_JSON,false
true,recommendations[].opportunity_cost.better_candidates,true,false,false,true,CANONICAL_JSON,false
true,recommendations[].opportunity_cost.candidate_count,true,false,false,true,CANONICAL_JSON,false
true,recommendations[].opportunity_cost.opportunity_cost_points,true,false,false,true,CANONICAL_JSON,false
true,recommendations[].opportunity_cost.percentile,true,false,false,true,CANONICAL_JSON,false
true,recommendations[].opportunity_cost.rank,true,false,false,true,CANONICAL_JSON,false
true,recommendations[].opportunity_cost.reasons,true,false,false,true,CANONICAL_JSON,false
true,recommendations[].opportunity_cost.reasons[],true,false,false,true,CANONICAL_JSON,false
true,recommendations[].opportunity_cost.symbol,true,false,false,true,CANONICAL_JSON,false
true,recommendations[].opposing_evidence,true,false,false,true,CANONICAL_JSON,false
true,recommendations[].opposing_evidence[],true,false,false,true,CANONICAL_JSON,false
true,recommendations[].opposing_evidence[].label,true,false,false,true,CANONICAL_JSON,false
true,recommendations[].opposing_evidence[].penalty_points,true,false,false,true,CANONICAL_JSON,false
true,recommendations[].opposing_evidence[].rationale,true,false,false,true,CANONICAL_JSON,false
true,recommendations[].score,true,false,false,true,CANONICAL_JSON,false
true,recommendations[].score_breakdown,true,false,false,true,CANONICAL_JSON,false
true,recommendations[].score_breakdown.breakout_setup_points,true,false,false,true,CANONICAL_JSON,false
true,recommendations[].score_breakdown.candle_pattern_points,true,false,false,true,CANONICAL_JSON,false
true,recommendations[].score_breakdown.candle_weight,true,false,false,true,CANONICAL_JSON,false
true,recommendations[].score_breakdown.conflict_penalty_points,true,false,false,true,CANONICAL_JSON,false
true,recommendations[].score_breakdown.evidence_points,true,false,false,true,CANONICAL_JSON,false
true,recommendations[].score_breakdown.liquidity_points,true,false,false,true,CANONICAL_JSON,false
true,recommendations[].score_breakdown.market_intelligence_points,true,false,false,true,CANONICAL_JSON,false
true,recommendations[].score_breakdown.market_regime_points,true,false,false,true,CANONICAL_JSON,false
true,recommendations[].score_breakdown.opportunity_cost_points,true,false,false,true,CANONICAL_JSON,false
true,recommendations[].score_breakdown.portfolio_adjustment_points,true,false,false,true,CANONICAL_JSON,false
true,recommendations[].score_breakdown.probability_points,true,false,false,true,CANONICAL_JSON,false
true,recommendations[].score_breakdown.regime_adjustment_points,true,false,false,true,CANONICAL_JSON,false
true,recommendations[].score_breakdown.relative_strength_points,true,false,false,true,CANONICAL_JSON,false
true,recommendations[].score_breakdown.retracement_points,true,false,false,true,CANONICAL_JSON,false
true,recommendations[].score_breakdown.retracement_weight,true,false,false,true,CANONICAL_JSON,false
true,recommendations[].score_breakdown.risk_points,true,false,false,true,CANONICAL_JSON,false
true,recommendations[].score_breakdown.sector_strength_points,true,false,false,true,CANONICAL_JSON,false
true,recommendations[].score_breakdown.strategy_points,true,false,false,true,CANONICAL_JSON,false
true,recommendations[].score_breakdown.trend_structure_points,true,false,false,true,CANONICAL_JSON,false
true,recommendations[].score_breakdown.volume_confirmation_points,true,false,false,true,CANONICAL_JSON,false
true,recommendations[].supporting_evidence,true,false,false,true,CANONICAL_JSON,false
true,recommendations[].supporting_evidence[],true,false,false,true,CANONICAL_JSON,false
true,recommendations[].supporting_evidence[].label,true,false,false,true,CANONICAL_JSON,false
true,recommendations[].supporting_evidence[].max_points,true,false,false,true,CANONICAL_JSON,false
true,recommendations[].supporting_evidence[].rationale,true,false,false,true,CANONICAL_JSON,false
true,recommendations[].supporting_evidence[].score_points,true,false,false,true,CANONICAL_JSON,false
true,recommendations[].symbol,true,false,false,true,CANONICAL_JSON,false
true,recommendations[].trade_plan,true,false,false,true,CANONICAL_JSON,false
true,recommendations[].trade_plan.aggressive_entry,true,false,false,true,CANONICAL_JSON,false
true,recommendations[].trade_plan.atr_trail,true,false,false,true,CANONICAL_JSON,false
true,recommendations[].trade_plan.atr_value,true,false,false,true,CANONICAL_JSON,false
true,recommendations[].trade_plan.candle_confirmation,true,false,false,true,CANONICAL_JSON,false
true,recommendations[].trade_plan.candle_entry_trigger,true,false,false,true,CANONICAL_JSON,false
true,recommendations[].trade_plan.candle_explanation,true,false,false,true,CANONICAL_JSON,false
true,recommendations[].trade_plan.candle_invalidation_level,true,false,false,true,CANONICAL_JSON,false
true,recommendations[].trade_plan.candle_pattern,true,false,false,true,CANONICAL_JSON,false
true,recommendations[].trade_plan.candle_score,true,false,false,true,CANONICAL_JSON,false
true,recommendations[].trade_plan.candle_stop_level,true,false,false,true,CANONICAL_JSON,false
true,recommendations[].trade_plan.candle_weight,true,false,false,true,CANONICAL_JSON,false
true,recommendations[].trade_plan.confidence,true,false,false,true,CANONICAL_JSON,false
true,recommendations[].trade_plan.confirmation_entry,true,false,false,true,CANONICAL_JSON,false
true,recommendations[].trade_plan.dma_200,true,false,false,true,CANONICAL_JSON,false
true,recommendations[].trade_plan.dma_20_invalidation,true,false,false,true,CANONICAL_JSON,false
true,recommendations[].trade_plan.dma_50,true,false,false,true,CANONICAL_JSON,false
true,recommendations[].trade_plan.entry_price,true,false,false,true,CANONICAL_JSON,false
true,recommendations[].trade_plan.entry_trigger_style,true,false,false,true,CANONICAL_JSON,false
true,recommendations[].trade_plan.entry_zone_high,true,false,false,true,CANONICAL_JSON,false
true,recommendations[].trade_plan.entry_zone_low,true,false,false,true,CANONICAL_JSON,false
true,recommendations[].trade_plan.expected_holding_period,true,false,false,true,CANONICAL_JSON,false
true,recommendations[].trade_plan.final_exit,true,false,false,true,CANONICAL_JSON,false
true,recommendations[].trade_plan.final_score,true,false,false,true,CANONICAL_JSON,false
true,recommendations[].trade_plan.final_signal,true,false,false,true,CANONICAL_JSON,false
true,recommendations[].trade_plan.historical_bar_count,true,false,false,true,CANONICAL_JSON,false
true,recommendations[].trade_plan.holding_period_basis,true,false,false,true,CANONICAL_JSON,false
true,recommendations[].trade_plan.initial_stop_loss,true,false,false,true,CANONICAL_JSON,false
true,recommendations[].trade_plan.invalidation_level,true,false,false,true,CANONICAL_JSON,false
true,recommendations[].trade_plan.invalidation_reason,true,false,false,true,CANONICAL_JSON,false
true,recommendations[].trade_plan.maximum_chase_price,true,false,false,true,CANONICAL_JSON,false
true,recommendations[].trade_plan.maximum_holding_period,true,false,false,true,CANONICAL_JSON,false
true,recommendations[].trade_plan.minimum_holding_period,true,false,false,true,CANONICAL_JSON,false
true,recommendations[].trade_plan.move_stop_to_breakeven,true,false,false,true,CANONICAL_JSON,false
true,recommendations[].trade_plan.nearest_fibonacci_level,true,false,false,true,CANONICAL_JSON,false
true,recommendations[].trade_plan.partial_exit,true,false,false,true,CANONICAL_JSON,false
true,recommendations[].trade_plan.preferred_entry,true,false,false,true,CANONICAL_JSON,false
true,recommendations[].trade_plan.relative_volume,true,false,false,true,CANONICAL_JSON,false
true,recommendations[].trade_plan.retracement_score,true,false,false,true,CANONICAL_JSON,false
true,recommendations[].trade_plan.retracement_weight,true,false,false,true,CANONICAL_JSON,false
true,recommendations[].trade_plan.retracement_zone,true,false,false,true,CANONICAL_JSON,false
true,recommendations[].trade_plan.risk_reward_ratio,true,false,false,true,CANONICAL_JSON,false
true,recommendations[].trade_plan.setup_category,true,false,false,true,CANONICAL_JSON,false
true,recommendations[].trade_plan.setup_confidence,true,false,false,true,CANONICAL_JSON,false
true,recommendations[].trade_plan.setup_entry_ready,true,false,false,true,CANONICAL_JSON,false
true,recommendations[].trade_plan.setup_expectancy_status,true,false,false,true,CANONICAL_JSON,false
true,recommendations[].trade_plan.setup_name,true,false,false,true,CANONICAL_JSON,false
true,recommendations[].trade_plan.setup_quality_label,true,false,false,true,CANONICAL_JSON,false
true,recommendations[].trade_plan.setup_rationale,true,false,false,true,CANONICAL_JSON,false
true,recommendations[].trade_plan.setup_readiness_reason,true,false,false,true,CANONICAL_JSON,false
true,recommendations[].trade_plan.setup_stage,true,false,false,true,CANONICAL_JSON,false
true,recommendations[].trade_plan.stop_chase_price,true,false,false,true,CANONICAL_JSON,false
true,recommendations[].trade_plan.support_level_used,true,false,false,true,CANONICAL_JSON,false
true,recommendations[].trade_plan.swing_high,true,false,false,true,CANONICAL_JSON,false
true,recommendations[].trade_plan.swing_low,true,false,false,true,CANONICAL_JSON,false
true,recommendations[].trade_plan.target_1,true,false,false,true,CANONICAL_JSON,false
true,recommendations[].trade_plan.target_2,true,false,false,true,CANONICAL_JSON,false
true,recommendations[].trade_plan.target_3,true,false,false,true,CANONICAL_JSON,false
true,recommendations[].trade_plan.trade_plan_explanation,true,false,false,true,CANONICAL_JSON,false
true,recommendations[].trade_plan.trailing_stop_strategy,true,false,false,true,CANONICAL_JSON,false
true,recommendations[].trade_plan.trigger_status,true,false,false,true,CANONICAL_JSON,false
true,recommendations[].trade_plan.unavailable_reasons,true,false,false,true,CANONICAL_JSON,false
true,recommendations[].trade_plan.unavailable_reasons[],true,false,false,true,CANONICAL_JSON,false
true,recommendations[].trade_setup,true,false,false,true,CANONICAL_JSON,false
true,recommendations[].trade_setup.aggressive_entry,true,false,false,true,CANONICAL_JSON,false
true,recommendations[].trade_setup.atr_trail,true,false,false,true,CANONICAL_JSON,false
true,recommendations[].trade_setup.average_gain,true,false,false,true,CANONICAL_JSON,false
true,recommendations[].trade_setup.average_hold_period_days,true,false,false,true,CANONICAL_JSON,false
true,recommendations[].trade_setup.average_loss,true,false,false,true,CANONICAL_JSON,false
true,recommendations[].trade_setup.confirmation_entry,true,false,false,true,CANONICAL_JSON,false
true,recommendations[].trade_setup.entry_ready,true,false,false,true,CANONICAL_JSON,false
true,recommendations[].trade_setup.expected_holding_period,true,false,false,true,CANONICAL_JSON,false
true,recommendations[].trade_setup.expected_value,true,false,false,true,CANONICAL_JSON,false
true,recommendations[].trade_setup.final_exit,true,false,false,true,CANONICAL_JSON,false
true,recommendations[].trade_setup.historical_win_rate,true,false,false,true,CANONICAL_JSON,false
true,recommendations[].trade_setup.holding_period_basis,true,false,false,true,CANONICAL_JSON,false
true,recommendations[].trade_setup.initial_stop,true,false,false,true,CANONICAL_JSON,false
true,recommendations[].trade_setup.maximum_chase_price,true,false,false,true,CANONICAL_JSON,false
true,recommendations[].trade_setup.maximum_holding_period,true,false,false,true,CANONICAL_JSON,false
true,recommendations[].trade_setup.minimum_holding_period,true,false,false,true,CANONICAL_JSON,false
true,recommendations[].trade_setup.move_stop_to_breakeven,true,false,false,true,CANONICAL_JSON,false
true,recommendations[].trade_setup.partial_exit,true,false,false,true,CANONICAL_JSON,false
true,recommendations[].trade_setup.preferred_entry,true,false,false,true,CANONICAL_JSON,false
true,recommendations[].trade_setup.profit_factor,true,false,false,true,CANONICAL_JSON,false
true,recommendations[].trade_setup.rationale,true,false,false,true,CANONICAL_JSON,false
true,recommendations[].trade_setup.readiness_reason,true,false,false,true,CANONICAL_JSON,false
true,recommendations[].trade_setup.setup_category,true,false,false,true,CANONICAL_JSON,false
true,recommendations[].trade_setup.setup_confidence,true,false,false,true,CANONICAL_JSON,false
true,recommendations[].trade_setup.setup_name,true,false,false,true,CANONICAL_JSON,false
true,recommendations[].trade_setup.setup_quality,true,false,false,true,CANONICAL_JSON,false
true,recommendations[].trade_setup.setup_stage,true,false,false,true,CANONICAL_JSON,false
true,recommendations[].trade_setup.stop_chase_price,true,false,false,true,CANONICAL_JSON,false
true,recommendations[].trade_strategies,true,false,false,true,CANONICAL_JSON,false
true,recommendations[].trade_strategies[],true,false,false,true,CANONICAL_JSON,false
true,recommendations[].trade_strategies[].action,true,false,false,true,CANONICAL_JSON,false
true,recommendations[].trade_strategies[].edge_stats,true,false,false,true,CANONICAL_JSON,false
true,recommendations[].trade_strategies[].edge_stats.average_drawdown,true,false,false,true,CANONICAL_JSON,false
true,recommendations[].trade_strategies[].edge_stats.average_return,true,false,false,true,CANONICAL_JSON,false
true,recommendations[].trade_strategies[].edge_stats.confidence,true,false,false,true,CANONICAL_JSON,false
true,recommendations[].trade_strategies[].edge_stats.expectancy,true,false,false,true,CANONICAL_JSON,false
true,recommendations[].trade_strategies[].edge_stats.fill_probability,true,false,false,true,CANONICAL_JSON,false
true,recommendations[].trade_strategies[].edge_stats.fill_window_days,true,false,false,true,CANONICAL_JSON,false
true,recommendations[].trade_strategies[].edge_stats.median_holding_period_days,true,false,false,true,CANONICAL_JSON,false
true,recommendations[].trade_strategies[].edge_stats.median_return,true,false,false,true,CANONICAL_JSON,false
true,recommendations[].trade_strategies[].edge_stats.sample_size,true,false,false,true,CANONICAL_JSON,false
true,recommendations[].trade_strategies[].edge_stats.stop_loss_hit_rate,true,false,false,true,CANONICAL_JSON,false
true,recommendations[].trade_strategies[].edge_stats.target_1_hit_rate,true,false,false,true,CANONICAL_JSON,false
true,recommendations[].trade_strategies[].edge_stats.target_2_hit_rate,true,false,false,true,CANONICAL_JSON,false
true,recommendations[].trade_strategies[].edge_stats.target_3_hit_rate,true,false,false,true,CANONICAL_JSON,false
true,recommendations[].trade_strategies[].entry_high,true,false,false,true,CANONICAL_JSON,false
true,recommendations[].trade_strategies[].entry_low,true,false,false,true,CANONICAL_JSON,false
true,recommendations[].trade_strategies[].entry_zone_basis,true,false,false,true,CANONICAL_JSON,false
true,recommendations[].trade_strategies[].entry_zone_basis[],true,false,false,true,CANONICAL_JSON,false
true,recommendations[].trade_strategies[].entry_zone_basis[].basis_type,true,false,false,true,CANONICAL_JSON,false
true,recommendations[].trade_strategies[].entry_zone_basis[].description,true,false,false,true,CANONICAL_JSON,false
true,recommendations[].trade_strategies[].entry_zone_basis[].level,true,false,false,true,CANONICAL_JSON,false
true,recommendations[].trade_strategies[].expected_holding_period,true,false,false,true,CANONICAL_JSON,false
true,recommendations[].trade_strategies[].expected_wait_days,true,false,false,true,CANONICAL_JSON,false
true,recommendations[].trade_strategies[].explanation,true,false,false,true,CANONICAL_JSON,false
true,recommendations[].trade_strategies[].name,true,false,false,true,CANONICAL_JSON,false
true,recommendations[].trade_strategies[].position_size_multiplier,true,false,false,true,CANONICAL_JSON,false
true,recommendations[].trade_strategies[].risk_reward,true,false,false,true,CANONICAL_JSON,false
true,recommendations[].trade_strategies[].stop_loss,true,false,false,true,CANONICAL_JSON,false
true,recommendations[].trade_strategies[].stop_rule,true,false,false,true,CANONICAL_JSON,false
true,recommendations[].trade_strategies[].strategy_rank,true,false,false,true,CANONICAL_JSON,false
true,recommendations[].trade_strategies[].strategy_rank.label,true,false,false,true,CANONICAL_JSON,false
true,recommendations[].trade_strategies[].strategy_rank.quality,true,false,false,true,CANONICAL_JSON,false
true,recommendations[].trade_strategies[].strategy_rank.rank,true,false,false,true,CANONICAL_JSON,false
true,recommendations[].trade_strategies[].strategy_rank.rationale,true,false,false,true,CANONICAL_JSON,false
true,recommendations[].trade_strategies[].strategy_type,true,false,false,true,CANONICAL_JSON,false
true,recommendations[].trade_strategies[].target_1,true,false,false,true,CANONICAL_JSON,false
true,recommendations[].trade_strategies[].target_2,true,false,false,true,CANONICAL_JSON,false
true,recommendations[].trade_strategies[].target_3,true,false,false,true,CANONICAL_JSON,false
true,recommendations[].trade_strategies[].trend_invalidation_reference,true,false,false,true,CANONICAL_JSON,false
true,recommendations[].trade_strategies[].trigger_text,true,false,false,true,CANONICAL_JSON,false
true,recorded_plan_ids,false,false,true,true,CANONICAL_JSON,false
true,recorded_plan_ids[],false,false,true,true,CANONICAL_JSON,false
true,serializer_hash,false,false,false,true,CANONICAL_JSON,false
true,source_manifest,false,false,false,true,CANONICAL_JSON,false
true,source_manifest.historical_rehydration,false,false,false,true,CANONICAL_JSON,false
true,source_manifest.intelligence_application,false,false,false,true,CANONICAL_JSON,false
true,source_manifest.recommendation_engine,false,false,false,true,CANONICAL_JSON,false
true,source_manifest.snapshot_recorder,false,false,false,true,CANONICAL_JSON,false
